model,elpd_loo,loo_se,p_loo
['full'],-8677.071532194857,78.51588672746328,476.5757593084181
['full_hierarchical'],-8685.633724111158,78.52647619224767,471.4882696822933
