model,elpd_loo,loo_se,p_loo
['full'],-5122.348798368292,20.464596839391533,146.71355089266308
['full_hierarchical'],-5082.948986215357,20.584492818092667,148.17267983113015
